date,video_id,views,likes,comments
2023-08-22,qw5h46bz-Sg,71394,3874,121
2023-08-22,waIErI3nsjY,29240,2597,102
2023-08-22,ldUriYNEx_E,10663,824,85
2023-08-22,GKOx3WT5uzY,10213,684,188
2023-08-22,phmuOFrSkl0,7300,644,57
2023-08-22,cnqCUSMhb5E,10315,759,77
2023-08-22,G6H5cdUtHp4,20662,1225,69
2023-08-22,1K9U3O0fMQI,82859,3427,114
2023-08-22,-s89V5-lU34,16453,1082,155
2023-08-22,ST1I27rUhPw,7158,762,11
2023-08-22,uH-0fyPkmmI,7559,1121,11
2023-08-22,JTRkWonhPlM,15900,1346,91
2023-08-22,P2Nn6NaDqE4,72408,3790,778
2023-08-22,afcoCaPWnh4,4087,485,7
2023-08-22,1O53QjD4i1w,13840,1056,117
2023-08-22,BsG2NDQC0kY,26604,1716,417
2023-08-22,Nf0DgPtIymw,66978,3233,122
2023-08-22,KZ_pAw5Q96g,11182,885,56
2023-08-22,GoFPfI9yULM,17716,1352,72
2023-08-22,Kr95E7tFRWQ,32353,2287,179
2023-08-22,ZaJ5Yqug_AA,16407,1852,86
2023-08-22,yjAsR3d1_ik,10818,1788,25
2023-08-22,-LHPGL6m5pU,7471,1089,19
2023-08-22,NXfPhR9AhTI,34039,2279,155
2023-08-22,erQzP8N4TZU,6404,943,23
2023-08-22,Fuvv3pZ7BH0,24343,3240,61
2023-08-22,HswC1m3ch9U,606,294,283
2023-08-22,tQm2RLjKvOQ,42,8,1
2023-08-22,hFqtOwbr4D4,36,11,1
2023-08-22,lSz2kcUWf0I,78,5,0
2023-08-22,Id9KPjVG-lE,44,5,0
2023-08-22,QfaJaWExNcc,6949,43,3
2023-08-22,1Bx9ElGLQxA,2349,25,6
2023-08-22,bmG7bgW82D4,72,6,4
2023-08-22,96HQMX7AOao,5811,50,4
2023-08-22,-2_KkiqYiIU,144,5,0
2023-08-22,fHzWGjZ-dGg,39,5,0
2023-08-22,IrtU7YMSnSA,338,8,0
2023-08-22,jtiUis_FMDs,112,7,1
2023-08-22,3M0-Yid5M64,5255,3343,43
2023-08-22,_G0RG-bPYDY,169,44,17
2023-08-22,Fuvv3pZ7BH0,24343,3240,61
2023-08-22,HswC1m3ch9U,606,294,283
2023-08-22,tQm2RLjKvOQ,42,8,1
2023-08-22,hFqtOwbr4D4,36,11,1
2023-08-22,lSz2kcUWf0I,78,5,0
2023-08-22,Id9KPjVG-lE,44,5,0
2023-08-22,QfaJaWExNcc,6949,43,3
2023-08-22,1Bx9ElGLQxA,2348,25,6
2023-08-22,bmG7bgW82D4,72,6,4
2023-08-22,UOeT1UBSGl8,433,8,0
2023-08-22,OinW1oBh4dk,751,39,5
2023-08-22,8YO6bP2HP2k,2190,72,18
2023-08-22,bMs3sFUPdnE,85,4,1
2023-08-22,lo78hWG2EXI,334,20,6
2023-08-22,NiE7qYSVStI,295,15,4
2023-08-22,E_V1yiCVDF4,624,16,1
2023-08-22,qSSzykzKy7E,1183,51,2
2023-08-22,ksYNoC9JH10,147,4,1
2023-08-22,iWanxh6rdcE,1678,66,14
2023-08-22,HWNt4U5GioM,5565,179,43
2023-08-22,f07yoU461ls,322,15,1
2023-08-22,l2MxVAvWiGU,723,38,4
2023-08-22,hNlEwh64dDo,212,9,2
2023-08-22,Xv4JBb9Y_Nk,207,5,3
2023-08-22,-cYsGfskvGI,168,10,2
2023-08-22,putEUywTy0s,122,10,1
2023-08-22,uMyH_rUFJFU,103,2,1
2023-08-22,GAqmtdQsv6A,183,18,1
2023-08-22,nOY1Te4mozw,456,19,4
2023-08-22,VCcjaNHxFbU,195,9,1
2023-08-22,hHFFF-myWJo,123,6,1
2023-08-22,ObO9Hn2nJiE,192,4,1
2023-08-22,PTD1jFEYU68,2482,97,32
2023-08-22,N9JuojwZK_8,186,2,3
2023-08-22,-jiJTXj0ykM,61,7,0
2023-08-22,DHRpDKXZ3xE,894,39,5
2023-08-22,37N7VG4_Sfk,112,11,1
2023-08-22,JWnZT62ONTY,1153,51,3
2023-08-22,xIU9Juz7EN8,215,12,0
2023-08-22,nnfcrYonvOg,266,10,0
2023-08-22,cL-ESw4KiGw,2394,96,2
2023-08-22,gJNV4ljt0kw,229,12,1
2023-08-22,XFtyQL66OFc,567,18,1
2023-08-22,3jo4bVjLvpA,4069,131,6
2023-08-22,0PFawlVTtiI,890,47,8
2023-08-22,3nwx3Zq9cSU,2245,133,11
2023-08-22,4WrIHVnrXg4,10667,532,17
2023-08-22,JOkqgONai8U,261263,10443,291
2023-08-22,ySZihVh79I4,1443,65,0
2023-08-22,ZJHiIS_fvpo,5364,281,16
2023-08-22,pH7-PkLzT-4,1701,96,2
2023-08-22,8AwAl-rM-_8,3295,237,2
2023-08-22,5C3iKLJlunQ,1883,94,1
2023-08-22,QcFjk1yflNs,2121,114,1
2023-08-22,72t1VFFBy88,1160,24,0
2023-08-22,ne7w1KriUuA,616,17,0
2023-08-22,UgzbDKz6Yv8,840,22,0
2023-08-22,vC-32_iXvaE,872,38,2
2023-08-22,inOPvMroYFE,840,41,2
2023-08-22,5gKO2qiOf3s,37514,2249,517
2023-08-22,qJ2LfupOJSM,68549,4362,1139
2023-08-22,uR4YgLuonmw,59130,2812,710
2023-08-22,bmWv2Kn12fM,79098,3133,613
2023-08-22,Un-Gn06tGGk,69166,2880,440
2023-08-22,QnzAx3GAFCE,6306,330,6
2023-08-22,hLAxlopwEG8,122998,6597,1016
2023-08-22,YbMOVzUxucc,123261,6815,1074
2023-08-22,fz33h86OdmM,140131,6462,788
2023-08-22,ELZK2cE8kQI,92479,3901,554
2023-08-22,okRX3r0VTwI,319128,12866,1198
2023-08-22,Gv_MYkp9EPo,110315,3966,850
2023-08-22,5Ov8syJsSsU,118052,5459,581
2023-08-22,-nreHHeIRAY,186103,7591,619
2023-08-22,DdeFVJ0Leks,12103,418,11
2023-08-22,WfrBw9E4Et0,898410,29965,1324
2023-08-22,T-PFeIW7d28,316582,15622,1000
2023-08-22,PaYFzGKbwgA,1142354,42647,2090
2023-08-22,uCmXfdDgzz4,484354,23658,1163
2023-08-22,f7Iv6th5auI,30871,1529,220
2023-08-22,ZoxaHscps38,165504,6821,783
2023-08-22,FZUc_HI6F-A,116730,5248,463
2023-08-22,noasEzpO5Ak,72869,4197,453
2023-08-22,XkBq-6bAbwk,165219,6823,375
2023-08-22,EwtU_ep1DvQ,510390,15525,826
2023-08-22,jpW417Unev0,528,36,3
2023-08-22,ujdwVh49z8o,985,42,2
2023-08-22,62K-9QNNSSg,2129,108,10
2023-08-22,XZhzVQ3Mmi8,3716,167,39
2023-08-22,zJz2oS-BU8c,4604,213,21
2023-08-22,0-w-i5S7z8I,1456,76,4
2023-08-22,mMa6b5E-i5o,3791,332,14
2023-08-22,0ZFjgQBTFwc,1497,67,15
2023-08-22,7ntSg1V7qfw,4479,259,23
2023-08-22,T5nOmW0-1RE,2330,121,17
2023-08-22,CHYDE7luDXo,2664,94,10
2023-08-22,jYpALwEJpYc,2169,101,6
2023-08-22,je-0hHPmZ48,1104,58,1
2023-08-22,ee4rMigBQWU,8385,329,82
2023-08-22,TUf7rc1wNH4,2902,141,23
2023-08-22,QHNtH3Ml4UY,2130,77,9
2023-08-22,SE0_2RNyZsI,1226,51,2
2023-08-22,nFg7dwPmegg,8935,354,35
2023-08-22,_p-3AnmiQbI,2152,104,19
2023-08-22,lDosa_0tuA8,3897,172,28
2023-08-22,P79bB3eTEdo,3485,141,4
2023-08-22,N7T_nrhnEaw,1594,37,5
2023-08-22,biyH7u3hapU,595,36,5
2023-08-22,RitQJ5AABto,2829,109,2
2023-08-22,62IXsii2dd0,1359,58,6
2023-08-22,AYrYwssbyL4,3006,205,33
2023-08-22,f1oQCC8ZCl0,8518,403,58
2023-08-22,oA728BTAnbg,13723,643,77
2023-08-22,RYWD512q1o4,6389,310,24
2023-08-22,E7J7Hk9WJIk,4562,217,39
2023-08-22,Xg5e8caOgaA,25345,1432,133
2023-08-22,km2PFUFWZ48,4578,221,22
2023-08-22,kOk7VxYnoXs,18140,951,66
2023-08-22,eOvR2bQGl5k,10416,419,37
2023-08-22,mGxhsZ2VT8w,163533,7511,376
2023-08-22,ANlxLywcGzI,3747,198,12
2023-08-22,eEOGt05eLx0,5494,236,22
2023-08-22,zUqPtJbxP1o,3594,129,12
2023-08-22,2q6EKbQ_vxE,7444,434,80
2023-08-22,tEoNZq2Vslg,496,21,4
2023-08-22,55T6JRUO59E,3393,174,16
2023-08-22,UlwFdDsJZd4,1349,68,15
2023-08-22,_BV7p9cV-h8,4063,211,16
2023-08-22,rHQEPfOzqtg,1065,40,10
2023-08-22,Z9QPJZzeKFI,20093,853,54
2023-08-22,YR37obSB0XU,8286,368,25
2023-08-22,vHUulRSGyiY,17663,847,48
2023-08-22,u2uoMjDczaU,12660,523,35
2023-08-22,2CqcpFabxtg,5785,244,11
2023-08-22,TglFsjb_JME,6522,314,32
2023-08-22,nhfSVb0I53E,443,44,0
2023-08-22,JFpsyqSwqJg,808,37,11
2023-08-22,uUrvMmXvOCQ,381,18,2
2023-08-22,EUkHd3CdEYc,523,57,0
2023-08-22,JW3I_A2RgxE,1670,109,17
2023-08-22,f8HOOQSJ-bU,599,49,0
2023-08-22,7DmLHIjCabo,1304,97,20
2023-08-22,T6_TT8txUHA,886,86,1
2023-08-22,f3TLKdS2oBs,1127,70,11
2023-08-22,ydRVE9_srWY,443,32,1
2023-08-22,78gBbdk0f-o,4045,140,16
2023-08-22,jP52uNPzrx0,289,27,0
2023-08-22,X6CjcmXmUDo,2681,159,24
2023-08-22,1yyw9ezlhAQ,463,42,1
2023-08-22,mHSlLuS3XVM,2060,100,15
2023-08-22,CuFED-fVhig,533,45,1
2023-08-22,JkwEvH8yBJc,871,62,2
2023-08-22,4ZJi-j8Y3mY,1076,132,3
2023-08-22,EnXrDB43ryk,2712,139,11
2023-08-22,YLAX36c8YR4,467,36,0
2023-08-22,kJ0BW6xuvGU,1835,79,10
2023-08-22,x-rxM0kTu5U,472,45,0
2023-08-22,vAI2tfXWgGg,5670,339,3
2023-08-22,cDNu_pzkLMY,1974,117,16
2023-08-22,X8ojfvmKORM,1209,116,2
2023-08-22,PHwYuht71ro,2749,211,41
2023-08-22,hrZmUn-dhA4,6368,363,101
2023-08-22,ZYEBk5YActc,15805,548,81
2023-08-22,Iny_FLP6LJs,28206,1081,134
2023-08-22,-Xeg0IT7t7M,14092,1028,33
2023-08-22,gmapuFLg4Lg,15368,1566,13
2023-08-22,1pjiVfiZE10,19933,2054,34
2023-08-22,b7Biuw_10_o,366118,14038,369
2023-08-22,X6euVdM30iw,78102,2813,189
2023-08-22,l26z1OIJaqo,180473,7524,296
2023-08-22,Wj5Md-D-U_4,105119,5958,882
2023-08-22,Je6JXb-tjnc,61047,2676,284
2023-08-22,f2nMIlOAPvs,281556,12242,394
2023-08-22,6kQMKWnYBxg,128821,9775,55
2023-08-22,_OnApa7GOmY,132289,10745,50
2023-08-22,2VjjS40cPMI,65017,6808,34
2023-08-22,F0K1KOlFVYg,148496,4489,447
2023-08-22,J_wuLcTShQU,1290865,57192,1235
2023-08-22,X4acYl34xGE,503445,25365,1165
2023-08-22,5_tBWIZ8S_A,409381,18112,677
2023-08-22,vC7Pony_7OM,8084,243,12
2023-08-22,7T09aQGhuI4,14341,970,27
2023-08-22,ncGUln2c7Q0,115880,7738,125
2023-08-22,fDQsSTpTEag,43026,4687,31
2023-08-22,pbFe5kNeo9w,9785,453,30
2023-08-22,TyqORSLgWWc,7188,555,78
2023-08-22,p-RQRjJ0or0,2648,124,11
2023-08-22,92ROyAui8ic,2010,115,45
2023-08-22,9D0Uq3ioqW4,2551,214,10
2023-08-22,9hWME-jQ7nM,2387,135,35
2023-08-22,kOBOfy7ZBNw,23069,1216,129
2023-08-22,LVq3qoTt4Z4,3515,64,6
2023-08-22,ywm3cg9AH1A,8775,488,66
2023-08-22,bxN6aeLg_OY,4582,197,26
2023-08-22,cg4GR3mA_lo,1260,57,12
2023-08-22,DFpWUGxJal0,2275,82,8
2023-08-22,l4r9PSboXTk,870,32,1
2023-08-22,CbSbfy-05sA,1065,41,2
2023-08-22,UTMI3jhecdE,2570,78,3
2023-08-22,dwyk9mgBDYM,655,18,1
2023-08-22,xujTQz0nm1A,6062,288,61
2023-08-22,qhWuicckT3U,2139,39,5
2023-08-22,DtZmH3Iz3r0,16275,971,107
2023-08-22,uVkzhueBCxI,8004,365,61
2023-08-22,P51vvWN2dM8,47214,2181,222
2023-08-22,96d7D3jeZPM,1557,45,1
2023-08-22,j3BMdMU4kOM,1831,38,4
2023-08-22,BncXfLssVBA,34194,1862,203
2023-08-22,NcQA-_BtxfA,2531,65,7
2023-08-22,5-cRlD2UTMo,1436,30,4
2023-08-22,figbHe0kvuU,783,39,4
2023-08-22,Ez0jxLI8lhQ,251,20,2
2023-08-22,sauFDTuMgRc,147,13,0
2023-08-22,MKSuXgljc_w,171,14,0
2023-08-22,iwZe5PdRx3o,157,12,0
2023-08-22,EsLYi2n19iY,150,9,0
2023-08-22,RgIuqST5wzY,121,9,0
2023-08-22,fcCdPBAznZ8,116,8,0
2023-08-22,juCiulQBJi0,138,9,0
2023-08-22,6mCxvYXyyJ4,452,28,4
2023-08-22,kLUeE0aur5g,595,38,3
2023-08-22,5rdvW4CC-lU,5879,201,17
2023-08-22,eEVzhAF4NnM,2268,105,11
2023-08-22,D6KZ3qVZpeo,539,35,9
2023-08-22,37DDDpPJMzI,1627,69,24
2023-08-22,xdTZXzOq65c,1678,120,19
2023-08-22,RXaox4iSj9k,1398,66,12
2023-08-22,7ATDZy5pUto,3789,116,12
2023-08-22,ltKylub4dW4,3311,207,29
2023-08-22,8_4DbDnjfyY,364,15,0
2023-08-22,vmwU7_jOAAo,5104,192,19
2023-08-22,pL8_qr4v2oI,368,17,0
2023-08-22,q3R9bo5WhxM,3900,229,27
2023-08-22,S3Et9MvXElw,1899,69,18
2023-08-22,a_PLJkcE5TM,1479,78,22
2023-08-22,mBpe416fUf0,203,14,6
2023-08-22,uU6JK4exBOQ,2640,87,26
2023-08-22,sqd8NHm3jx4,585,37,11
2023-08-22,qBzFL3BT_UI,4581,164,41
2023-08-22,mBpe416fUf0,203,14,6
2023-08-22,uU6JK4exBOQ,2640,87,26
2023-08-22,sqd8NHm3jx4,585,37,11
2023-08-22,qBzFL3BT_UI,4588,164,41
2023-08-22,mBpe416fUf0,203,14,6
2023-08-22,uU6JK4exBOQ,2640,87,26
2023-08-22,sqd8NHm3jx4,585,37,11
2023-08-22,qBzFL3BT_UI,4581,164,41
2023-08-22,mBpe416fUf0,203,14,6
2023-08-22,uU6JK4exBOQ,2640,87,26
2023-08-22,sqd8NHm3jx4,585,37,11
2023-08-22,qBzFL3BT_UI,4580,164,41
2023-08-22,mBpe416fUf0,203,14,6
2023-08-22,uU6JK4exBOQ,2640,87,26
2023-08-22,sqd8NHm3jx4,585,37,11
2023-08-22,qBzFL3BT_UI,4580,164,41
2023-08-22,mBpe416fUf0,203,14,6
2023-08-22,uU6JK4exBOQ,2640,87,26
2023-08-22,sqd8NHm3jx4,585,37,11
2023-08-22,qBzFL3BT_UI,4581,164,41
2023-08-22,mBpe416fUf0,203,14,6
2023-08-22,AjyvEZaUfpE,969,10,0
2023-08-22,2BfWtRMOOxM,1547,55,3
2023-08-22,6oPIO4g1cxg,1359,9,1
2023-08-22,gpi-GOccpCo,34858,91,4
2023-08-22,T-5DgqK9AyY,1382,27,1
2023-08-22,yMtf4dVM0_s,1765,33,1
2023-08-22,1in-Jhrxm9o,4605,122,9
2023-08-22,RZFWTPJ06cI,1767,45,0
2023-08-22,LxW6zbuh16E,3660,119,14
2023-08-22,01YK_SrKQGk,1064,19,1
2023-08-22,7n5lcmj97f8,1473,86,3
2023-08-22,ViZIMBG2BAo,1507,77,3
2023-08-22,OI4vDUhYudk,889,11,2
2023-08-22,uRxVnF4fmCs,3787,115,8
2023-08-22,F1Xv0152YAI,3727,93,9
2023-08-22,R9zoSmxS_8E,1995,79,5
2023-08-22,VBhBnN3ds0o,1728,82,12
2023-08-22,BQLVm4vxua4,3301,118,11
2023-08-22,-xulgnkh6Io,2104,88,5
2023-08-22,4RewnwC7a4Y,5296,173,15
2023-08-22,kDN85R81uJk,3310,156,10
2023-08-22,ur7Vnzs_svo,2063,107,10
2023-08-22,sqaoU2GKLLk,2353,30,1
2023-08-22,TGu4TFl3nKA,2163,71,7
2023-08-22,-rn4LyxPUaA,1550,26,6
2023-08-22,s7N5ZuhBBrk,2678,236,32
2023-08-22,32TKFsox5Co,13490,834,115
2023-08-22,nZXgmPJ7X-I,18544,1118,112
2023-08-22,LeZFV5fyVGA,12593,599,101
2023-08-22,RFv8ok107ak,8790,526,40
2023-08-22,Pu8EPKuVo70,10246,516,57
2023-08-22,1_7sS1gjuzg,7720,544,83
2023-08-22,-kbRNPqdZcM,22476,1228,142
2023-08-22,2aIDGhRuFNg,9668,470,49
2023-08-22,A2vbeWL9KbU,10177,618,93
2023-08-22,H_eCIX3R-lo,18700,1088,68
2023-08-22,TRkxzW2bZXs,6526,230,41
2023-08-22,WJn7KbQbofg,15091,955,116
2023-08-22,Wm_TkGxJf30,13223,636,124
2023-08-22,4kqw1hOzfrQ,10731,619,33
2023-08-22,Nus2NXmU4_o,12881,568,113
2023-08-22,LJQYWKk_LZk,15504,864,68
2023-08-22,dkDqdPRMtr8,24242,1136,128
2023-08-22,Nyhcy2cOfXc,35350,1833,115
2023-08-22,G0a4sTvDnxg,39747,1966,160
2023-08-22,xgBCPAiGS18,39118,1836,133
2023-08-22,GhyzRpXkDcs,18801,875,59
2023-08-22,AXFfEIgQ4G8,16327,897,53
2023-08-22,Cr1NCbSWgtA,10664,453,86
2023-08-22,ykg_FJr4m7k,85252,3031,240
2023-08-22,LoRqAxf4TZs,400,39,3
2023-08-22,LPAiYQrTdbE,182,6,0
2023-08-22,fPWIA4h7Q3E,714,44,6
2023-08-22,FykwJhQcCHg,7360,363,22
2023-08-22,sH3EbfXTaVs,2916,117,8
2023-08-22,sI75hZThkYc,1809,91,8
2023-08-22,5Gw8TfgbTFE,2636,144,25
2023-08-22,VKZNKHr6LjY,2368,95,10
2023-08-22,5sCyraN4iRA,2128,85,10
2023-08-22,F6aWC0ohcqI,6279,309,22
2023-08-22,D0xH5G_x9e0,1444,97,31
2023-08-22,5XzUrfDJ37Q,2734,98,9
2023-08-22,3ClRnZPRpZc,1006,64,0
2023-08-22,wO84epnG-ks,664,39,7
2023-08-22,N4udYEhucUY,2890,171,18
2023-08-22,O9q-FSADbT0,1320,81,10
2023-08-22,Z3olznI0trY,1424,76,12
2023-08-22,5zAtBN5SG_I,2921,123,11
2023-08-22,Jq7vt5dRsA0,2014,82,26
2023-08-22,Kk2iLh_I9_I,1782,67,3
2023-08-22,LoAWyGYskjY,1331,71,6
2023-08-22,XSbHlnYhnIs,1050,41,12
2023-08-22,9-j6b3uWLzk,4912,164,10
2023-08-22,nAVfpIXSdF0,1485,92,6
2023-08-22,0wWju5mCpcA,680,39,0
2023-08-22,7ff31-8zrWc,22380,1045,108
2023-08-22,e3NNtTAPAcI,199656,9031,190
2023-08-22,kKgPwQS--Uo,35481,1223,122
2023-08-22,n7TD1cDyLx8,44064,2070,106
2023-08-22,dL6e4WUdzrc,33395,1357,82
2023-08-22,28l8yt4gLOw,166856,6158,193
2023-08-22,RwcA6Q0Y01A,61716,2659,130
2023-08-22,1LpJk9zNXnw,502542,15790,398
2023-08-22,Zc8Lguer8TE,443096,16204,692
2023-08-22,vtp1qxAOe9w,102716,6059,236
2023-08-22,7z93uRbMzGI,400305,15844,441
2023-08-22,EuPuOML2GZk,45896,2213,192
2023-08-22,NgDXZ9-ebxg,378995,17662,581
2023-08-22,eWx_wCTNsqI,94759,5789,467
2023-08-22,iLhsQKpquPs,187519,9872,469
2023-08-22,tHHy1YHIAas,200955,5693,310
2023-08-22,4I-KFwMjavI,176424,10060,668
2023-08-22,W3Fb2edwIQk,55213,2773,265
2023-08-22,CB5Wf7PQ1Dg,91239,4079,464
2023-08-22,gENlouCPHxY,411113,22821,628
2023-08-22,2rcZZ_99_z8,1350165,42079,1798
2023-08-22,fvWYGKjOwHs,408903,21651,961
2023-08-22,mcodZ3fGxQA,768111,42639,1175
2023-08-22,RSnNbgT33yE,1034252,43004,2072
2023-08-22,-xaPed0nUWE,132019,3353,526
2023-08-22,nxVBAnlWVIs,680,14,2
2023-08-22,wlPBx1wCp9A,228,8,1
2023-08-22,olQL8Rko5sg,1101,42,4
2023-08-22,mjcwH9qf09Y,475,0,0
2023-08-22,xBvl_XmpmEI,1923,56,5
2023-08-22,ksQrzmt0MGk,1834,68,5
2023-08-22,NV6QbuaxwAc,9492,190,10
2023-08-22,Ir_sMJ0BCik,217,12,0
2023-08-22,vXPbLR8IHto,5100,225,11
2023-08-22,0BQdxkxl_ZU,590,29,14
2023-08-22,Bw-QH--CjoM,1003,27,8
2023-08-22,bVsXdzBVFok,808,21,3
2023-08-22,0oq1gjlxiSk,684,9,2
2023-08-22,23ysdmMfGro,2010,82,5
2023-08-22,x03TZWWrGRY,449,8,0
2023-08-22,1pgiQ9SosMg,255,16,0
2023-08-22,uBBLLZV1lpI,152,7,0
2023-08-22,XQfwVvfOkC8,535,27,3
2023-08-22,379COxgcb08,329,17,4
2023-08-22,7E8bqxvS43g,212,13,0
2023-08-22,qpTxEwVSl0g,795,39,10
2023-08-22,ru0qJ9XikwQ,451,23,3
2023-08-22,wGQweQfVtls,1025,45,5
2023-08-22,68i42wtpYmk,2486,87,15
2023-08-22,bZAfKVPtwQ4,8058,174,47
2023-08-22,Uv60FrmRFUA,9773,457,134
2023-08-22,rz1f0hv-tGg,1574,60,22
2023-08-22,YQIqQHQ32tw,18084,875,201
2023-08-22,Xp2SxRvnR0E,2812,115,49
2023-08-22,5MJ3YTlYA0g,2969,96,44
2023-08-22,8DEVagQCtEE,3500,103,24
2023-08-22,t7zD-24o2aE,6247,251,66
2023-08-22,bg_N4q9301g,4150,169,11
2023-08-22,oxHLnyBIrlo,2191,59,13
2023-08-22,UXX0LvZXcKA,2536,111,29
2023-08-22,jDpQShZqpF8,3205,119,11
2023-08-22,WoZs4ywSZPU,23631,925,135
2023-08-22,rGzp9aouCxo,26567,94,9
2023-08-22,QsK4Boi6PW0,1034,38,10
2023-08-22,WT2aw_QpvL0,3225,80,17
2023-08-22,wtvenJiFsnA,6373,219,53
2023-08-22,8lFFHe5nrY8,10519,283,32
2023-08-22,7tcEG4a0dpk,3855,167,38
2023-08-22,WV5XhzLFusQ,2401,74,15
2023-08-22,6LIb5j9iiBc,6202,106,37
2023-08-22,qcPk5U29DvI,6798,134,46
2023-08-22,rUGsUgpX-Us,6341,76,23
2023-08-22,8rfLsA-pCYs,25926,426,80
2023-08-22,Va6us-2zdps,35064,1045,168
2023-08-22,gvo29bqkP7s,1282,65,17
2023-08-22,cgL-2ipeGac,905,44,5
2023-08-22,IsPbwY8PCnI,147225,5596,205
2023-08-22,4hPwm1vN0lo,4910,223,47
2023-08-22,D70RL5px1iQ,3525,180,19
2023-08-22,ohnCS7DGiCM,12106,516,35
2023-08-22,T6xWzXnNbLI,5110,258,15
2023-08-22,0QqGq5wZyi0,4789,214,21
2023-08-22,c7263hbJfhI,41706,1566,40
2023-08-22,rntFycXWhvg,42478,1650,65
2023-08-22,-T1kPuFaYd0,960,37,5
2023-08-22,f4c0CBy68z0,727,28,9
2023-08-22,cx0vTOweYEU,1283,54,20
2023-08-22,5ppCoF6tCds,1844,64,12
2023-08-22,e0lMMa5cv-Y,613,23,3
2023-08-22,5XtxEkYXwiQ,736,27,9
2023-08-22,e4Nyan7CzW8,904,37,5
2023-08-22,3oiYD_5CWqE,775,37,0
2023-08-22,QxaoKgoQfhA,1261,84,15
2023-08-22,RSzV2aAB_k8,4244,240,49
2023-08-22,odaeDZlKXlk,8107,341,19
2023-08-22,5tabmFovAHE,1300,87,5
2023-08-22,eJzXh6Iq0lU,4599,286,18
2023-08-22,WJfqcj5Pr2M,886,48,7
2023-08-22,sI9IrmPCm6c,831,54,6
2023-08-22,aN8ix_HV5z8,1802,62,19
2023-08-22,Pe1ah6UwSvA,5271,462,26
2023-08-22,S2HegF2r_ss,2656,246,3
2023-08-22,QDFRA57Qhzc,1944,115,6
2023-08-22,Qi8zSPtobNU,4011,338,10
2023-08-22,xgpffqhc-1s,1535,90,2
2023-08-22,uNY7IjJlUZM,2852,224,5
2023-08-22,J3dJmqEfcDk,10289,515,87
2023-08-22,ROUM9DoJyDc,2691,131,2
2023-08-22,sGJCJh0SSOU,7163,464,7
2023-08-22,QhIljbdqbOs,4606,329,3
2023-08-22,0KCfos5EYdY,2454,113,0
2023-08-22,2yDqN5ShcaA,1967,107,5
2023-08-22,VdtoYeovMhE,10773,510,46
2023-08-22,8_J-wBbZwyw,3860,301,10
2023-08-22,Ap0gF_ozSYc,4642,294,3
2023-08-22,3ExxVKAjCBU,3121,228,3
2023-08-22,J02q2JcKeRw,2213,125,0
2023-08-22,QiY1ikOiKzk,40677,1182,79
2023-08-22,fGLi1WhpiqU,2878,196,2
2023-08-22,U9uQJPEtFE0,4270,290,10
2023-08-22,VNU6D6dXmbY,5708,426,3
2023-08-22,I6yU05bKFQk,11778,748,24
2023-08-22,RGWnA0_uFYY,7455,263,24
2023-08-22,pS4t7cjh61s,25867,1324,30
2023-08-22,3v_hU7TU9OI,4905,368,7
2023-08-22,5mn0fyPbzCM,44,2,1
2023-08-22,JE7o--v3IJU,148,6,1
2023-08-22,3j8GkUkSCyM,299,3,1
2023-08-22,Ailo_P-_TKk,78,8,1
2023-08-22,-fhOo8nen00,836,10,1
2023-08-22,6uDJ0YcmC9o,199,2,1
2023-08-22,UCChySXB86c,152,6,1
2023-08-22,B5BBR0c4BUs,92,5,2
2023-08-22,74Ki5Yp1M4k,693,32,1
2023-08-22,tfp3VSLItfQ,353,15,2
2023-08-22,rQGYVh0V9FU,205,5,1
2023-08-22,nNPjYlMm08I,794,57,9
2023-08-22,cQWxbuKbVdQ,396,25,1
2023-08-22,4Q03ESL3Los,5068,12,5
2023-08-22,DxovAxiqgys,686,14,1
2023-08-22,LPdhMgQhF9w,195,8,1
2023-08-22,i01NScsPmPk,476,8,2
2023-08-22,WEIBPlKO41s,1876,26,2
2023-08-22,CnWkjdp9in0,907,12,1
2023-08-22,Q4yDEvGtuCg,1861,19,1
2023-08-22,i0wh8lpzQL8,56943,2831,132
2023-08-22,yI_cJ-Dr2s4,153,3,3
2023-08-22,HgKbIq7_UqM,1285,23,1
2023-08-22,1BELSRjlcN8,1142,20,1
2023-08-22,NLHxjlFZlUg,408,7,3
2023-08-22,c4A2paiN-_8,598,45,4
2023-08-22,s5cXOVUdtYY,4432,423,89
2023-08-22,XlWzEhwefxA,1826,83,13
2023-08-22,5sfFv4R2AAs,5041,365,73
2023-08-22,Al8W66MkSBs,2307,87,5
2023-08-22,eCAb-jwCYKs,2152,109,17
2023-08-22,D_CkjSH2-W8,1011,57,6
2023-08-22,ZJpTcAVCT8s,4210,255,46
2023-08-22,8SZLY23C7Bc,1771,91,5
2023-08-22,ISS0XNnhKdw,2770,251,16
2023-08-22,jjRP8tzEHMA,1950,77,1
2023-08-22,U4MH_RTW8BU,10606,864,99
2023-08-22,OeONWhhPQbY,3057,257,11
2023-08-22,XAc9_qg161U,16008,1292,141
2023-08-22,YkUcWtVuxGo,37880,848,107
2023-08-22,iwRNc636lbs,7444,425,60
2023-08-22,TrR2SMphtWI,5760,439,12
2023-08-22,H2ruI_uGidw,6582,332,95
2023-08-22,1fKjPqZBsA8,3678,268,28
2023-08-22,fcG3Z-wnmb4,44063,1869,160
2023-08-22,sUdHmD5gUZU,5929,664,38
2023-08-22,4emKbMgLzYQ,5997,318,74
2023-08-22,U_zPUkEGf_c,3691,303,23
2023-08-22,7gMpW5UygoE,4066,311,21
2023-08-22,p_RFe0qNuUU,8533,339,52
2023-08-22,2DF1DahXDFc,3150,237,32
2023-08-22,nOADKNAUwZ0,28580,171,18
2023-08-22,-EXfBG9ccL4,28721,124,28
2023-08-22,itpCtsopKTI,29733,257,33
2023-08-22,ENLWc02ZzhQ,50536,449,25
2023-08-22,yrHZsyGmzM0,79531,549,31
2023-08-22,RWKc0V-ctOc,36794,562,61
2023-08-22,rtv3J7xttTY,40515,185,14
2023-08-22,FlSIXgMbrxE,32143,338,18
2023-08-22,2osDshiyDqM,62151,355,27
2023-08-22,4n0mY5BtJSU,46718,390,20
2023-08-22,Xj37LH_v84M,102532,772,101
2023-08-22,qi151IQO8ck,50444,610,54
2023-08-22,U4vdhg1Vy0k,75872,1002,82
2023-08-22,mV5itInt7Vo,37041,795,64
2023-08-22,hkxsTKi41Rw,131967,3708,115
2023-08-22,lqvZxkBXAXw,368929,6035,320
2023-08-22,SOj74wTlmHk,201025,5903,320
2023-08-22,ydTC6JECugs,10409,418,30
2023-08-22,UHFqGHDb0bo,26142,290,10
2023-08-22,OOfRjvFqCGU,31780,1064,47
2023-08-22,bHYlcubRyXI,6620,312,16
2023-08-22,pMr44GWz87g,30794,688,29
2023-08-22,tfcyA7dufLQ,24244,586,35
2023-08-22,M85iQzbuLMs,52292,1810,70
2023-08-22,-Z3DXVS8B0U,4,0,0
2023-08-22,lsa62Ec2EJc,3,0,0
2023-08-22,9s4HzqyHl70,2,0,0
2023-08-22,lSD57I3-mkA,1,0,0
2023-08-22,MyV3wb7lfgg,0,0,0
2023-08-22,Nxlrnz9ijSI,0,0,0
2023-08-22,qev0Zd35tyQ,279,3,1
2023-08-22,tIv2XHy_kdc,430,5,5
2023-08-22,1bJ3Yp5Ij00,220,7,9
2023-08-22,KCMxRCDaIWQ,96,6,1
2023-08-22,_c38e_wPUhM,201,7,0
2023-08-22,oBU_3R2hDtU,59,1,0
2023-08-22,DYWyWAtIA4Q,41,0,0
2023-08-22,PVRoTUiI8zY,159,7,0
2023-08-22,cyW20151svY,65,2,1
2023-08-22,JTno5mM83kg,78,1,0
2023-08-22,bppMZC5fX3Q,130,4,1
2023-08-22,ir3GevNA7VM,181,1,0
2023-08-22,uL5ur-jaLy0,161,7,1
2023-08-22,kWQB3mw8FmY,218,4,0
2023-08-22,EpYt9vM9RS0,713,9,4
2023-08-22,MSqybjIaUHc,13,1,1
2023-08-22,jNfPGv0CK4A,392,13,2
2023-08-22,Gj4HDKNyxJw,139,5,1
2023-08-22,uel9HY7UHHo,598,8,2
2023-08-22,nzErtojcNtM,58,5,0
2023-08-22,pGBIt-t-Ihk,135,5,0
2023-08-22,o1kTFRcYiE4,71,1,1
2023-08-22,qjSGPzsQXLE,297,10,1
2023-08-22,_TCFdXTA8ME,1310,25,1
2023-08-22,_Y6chxv0P6k,485,25,0
2023-08-22,R88ngrbGtz0,303,18,2
2023-08-22,0zgZXRCf1-I,2945,49,3
2023-08-22,cE3An3ZG-8I,432,23,0
2023-08-22,3yKohtuTwS8,822,19,7
2023-08-22,jaFqZul3dVE,818,13,4
2023-08-22,jEy0Qh2Yhno,789,25,1
2023-08-22,UrHSJlPDGNI,1341,29,2
2023-08-22,XvLxnil5uHw,568,16,5
2023-08-22,TtKL77BKFrg,996,29,1
2023-08-22,F2zKj7Hg8xI,1159,35,8
2023-08-22,BcTYXS2FnFg,208,17,5
2023-08-22,H_SyIC5uxiA,381,16,13
2023-08-22,bIUQLlThF54,5739,117,3
2023-08-22,6o95KL7Ljaw,1256,19,1
2023-08-22,lPZbovx2018,296,24,3
2023-08-22,EZdFaTbk5T0,1134,36,0
2023-08-22,3rb5EXKiXSU,482,15,2
2023-08-22,ig0BxQa2B5Y,1835,55,0
2023-08-22,-AWCDU22lPc,471,27,1
2023-08-22,V_mhaJ3ZgNo,324659,14807,277
2023-08-22,tz55je4y0p4,124144,7198,102
2023-08-22,x2KL79caeFA,39055,1846,29
2023-08-22,ZmkNPCsLbJ8,73064,4126,104
2023-08-22,VYcvc_2z2dw,15415,737,23
2023-08-22,HAS1I8iNgHQ,78655,3025,52
2023-08-22,Kwj6029_FDw,10659,494,17
2023-08-22,MSF1e8aYn2M,65801,3128,88
2023-08-22,XbVkxcU8mVg,15088,1144,10
2023-08-22,AMJBJtFQKxU,18873,1113,23
2023-08-22,olOv3YcOpEU,5245,399,8
2023-08-22,kLT393vF2xs,3508,259,2
2023-08-22,RpEzWIsY2w0,2158,148,1
2023-08-22,bkkq0ELlTYo,3439,255,4
2023-08-22,NiCCBRFxw6I,45769,2110,48
2023-08-22,t4hPAR2JUos,2214,176,4
2023-08-22,aeS-ctAzBwc,2491,155,5
2023-08-22,c5HfslO4EJ0,2342,257,4
2023-08-22,f6ynTx4F6YI,2825,250,1
2023-08-22,A4NkaYmQkr4,3149,269,5
2023-08-22,PEPLT8uxTpQ,2133,205,5
2023-08-22,0BEJ_4O_xMI,3211,197,1
2023-08-22,i2D8VNJDFcc,26828,1593,41
2023-08-22,57LeYcBZ5bQ,2952,224,2
2023-08-22,iJ6WA0-eISk,2296,195,5
2023-08-22,uTx1d8MV23E,6839,287,57
2023-08-22,hlUQ5fZ7Qog,5717,262,88
2023-08-22,D6EEZWEmW28,11498,481,168
2023-08-22,h_fuL9OFako,13555,583,171
2023-08-22,_De9JOcMBZA,6480,340,64
2023-08-22,1mwDnQyN72g,10801,653,154
2023-08-22,gwokTnCLl2Y,16291,811,171
2023-08-22,Nxoc4gPC8j0,16985,848,121
2023-08-22,YPEVetSJgf4,7943,464,80
2023-08-22,bIdlHoTzwsY,19609,971,201
2023-08-22,YOA5c12gOpc,10745,609,30
2023-08-22,UGyKgwdGhk4,13673,516,78
2023-08-22,9_yr3Jd590I,19494,1266,78
2023-08-22,g1bHZYyhe94,90524,3821,289
2023-08-22,VFAYONYBtjA,17152,852,146
2023-08-22,Bh3NCAsZsdM,13257,1017,21
2023-08-22,iYBjZtAFG5I,13429,657,70
2023-08-22,3XF6iNtE29c,20757,1304,244
2023-08-22,5uSa2pLQMUQ,5541,466,15
2023-08-22,wNBa1QsfJEc,17003,794,72
2023-08-22,LW1KV7KmT-o,28372,1259,202
2023-08-22,L7CLa4AF1Cs,44693,1950,242
2023-08-22,uTx1d8MV23E,6846,287,57
2023-08-22,hlUQ5fZ7Qog,5717,262,88
2023-08-22,D6EEZWEmW28,11498,481,168
2023-08-22,HCYXAuB-Yik,164,12,3
2023-08-22,NfCFJ3VyKSo,391,28,8
2023-08-22,i821vS2I3Q0,994,28,0
2023-08-22,O5229-0Re0g,1218,57,13
2023-08-22,QV2z4oZzN-g,1038,44,10
2023-08-22,Trz7gZLZpi0,554,34,2
2023-08-22,CMEKXgAQcEQ,1390,29,2
2023-08-22,4APqpgAFn1Y,1736,78,22
2023-08-22,RTC2KCJyVvk,1615,57,10
2023-08-22,L96x1myHtrI,803,30,13
2023-08-22,rOihLVX2Ldo,3049,110,15
2023-08-22,w9DFLSPeMgk,949,41,7
2023-08-22,mHzYaiQz2jM,1981,51,3
2023-08-22,GxjiZxsTTJo,2713,91,15
2023-08-22,buytGeoaTN4,1736,38,6
2023-08-22,qchpWrSQ_kQ,2605,74,6
2023-08-22,EJCMpPft0n0,2704,150,18
2023-08-22,hKfQR65UI2s,7445,174,43
2023-08-22,VPFyDnNipmA,1130,33,2
2023-08-22,w4cEc81VeGo,3539,104,8
2023-08-22,AAfeTufiziU,13214,269,36
2023-08-22,tc93oMy7rNU,784,29,4
2023-08-22,4WDPCa9h8sQ,3769,81,10
2023-08-22,_htd_zJBPf0,5515,139,16
2023-08-22,N-4pO0_NGV8,10611,256,25
2023-08-22,9yNjbQRRB7s,24,0,0
2023-08-22,X-89Gbs6wfI,69,7,0
2023-08-22,txi1MZuDi1Q,23,3,0
2023-08-22,mTj7WcRRWd4,68,2,0
2023-08-22,QcTi5dlEstE,27,1,0
2023-08-22,QHbrXF1B9k0,68,2,0
2023-08-22,Pj8fuKtBUGg,25,1,0
2023-08-22,gFjQdul12aY,21,1,0
2023-08-22,P5f5OCJv48w,38,0,0
2023-08-22,TVsOcCHaiL0,47,5,0
2023-08-22,TOCoVttyOQk,65,1,1
2023-08-22,mAlM4D9IY78,93,1,0
2023-08-22,wvc8PrgWzW0,172,7,2
2023-08-22,q-KRydfwK-k,30,1,0
2023-08-22,rc-sT4hfjFw,180,2,1
2023-08-22,nkZHcaA-S7Q,43,2,0
2023-08-22,O36QI18HBgk,436,6,2
2023-08-22,5OeF3Ly6xnw,28,2,1
2023-08-22,eJEEOvgnh6I,1386,32,5
2023-08-22,xIfoOIXRlUI,365,12,7
2023-08-22,LXZr--bSYqY,248,7,0
2023-08-22,9FCN7PfndRg,248,9,1
2023-08-22,puUeH-JNVi0,87,7,0
2023-08-22,h6j3sxL1Jg4,36,2,0
2023-08-22,QcWQHcICjaI,3009,45,6
2023-08-22,tGooJlDZxrE,734,22,2
2023-08-22,4xMtVlIjKIU,2073,156,8
2023-08-22,jH8YHlPREjw,2023,150,5
2023-08-22,SbYw5-Vhz8E,2310,222,2
2023-08-22,L6huqnjgb-8,1955,150,4
2023-08-22,fKw41KfSq0s,1510,89,0
2023-08-22,S-lIgn1fonk,2812,183,2
2023-08-22,sGc4C--JEEc,3687,255,6
2023-08-22,kRZ4jXlinDY,2869,151,2
2023-08-22,m6t6Ghdt980,3421,229,7
2023-08-22,rmTPyxgGr1M,2428,170,3
2023-08-22,vDiqjpleNo8,3538,216,7
2023-08-22,uJ72QI-NTrc,2900,143,2
2023-08-22,E3h-Xw97R7Y,4366,252,2
2023-08-22,w4nXXTcq7cY,1226,50,1
2023-08-22,hV9ad3ZR_Fg,1960,115,6
2023-08-22,A4ieg3QRumo,24500,1082,55
2023-08-22,NmiNl8BY2lE,1599,101,3
2023-08-22,sP3FDC6L1H0,1527,131,1
2023-08-22,6fPPT7sBnUY,1430,46,3
2023-08-22,z6OSWoX9Je0,2284,242,9
2023-08-22,86HqlQpU8_A,2233,88,6
2023-08-22,Kv5oIijXX0o,2253,123,0
2023-08-22,YGj823N6wNQ,5496,269,20
2023-08-22,iVuJFWnV-Vw,2633,137,3
2023-08-22,bTbHclV4AD4,470,46,4
2023-08-22,lOlZOQiHF2c,813,43,0
2023-08-22,UV_HdVC4nkg,1741,87,6
2023-08-22,RXOK64vIpnw,1042,121,13
2023-08-22,LrkGg7qhutM,378,22,3
2023-08-22,LoaC7zWhoSY,688,78,3
2023-08-22,Fky_f9uEvbg,2496,122,17
2023-08-22,hHHWnIqSEqQ,646,53,4
2023-08-22,_LPbsU_tsvo,1618,158,24
2023-08-22,Obuijq9bS_k,480,32,2
2023-08-22,fmEnTHohDC4,2105,134,20
2023-08-22,yZ0l4bug3TI,943,53,4
2023-08-22,7CS6xgjDBG4,2848,139,9
2023-08-22,XALY9tJSmBQ,330,16,2
2023-08-22,fowEeDJSnfA,1011,99,27
2023-08-22,XCgEOWBwwhA,3417,139,15
2023-08-22,jgMV6iV8o0A,2592,118,36
2023-08-22,vA-176XwAPQ,1000,43,16
2023-08-22,-iryMXxChb8,380,28,2
2023-08-22,RR5na3cWYrk,5421,251,59
2023-08-22,s_zxKel8R0U,2425,91,21
2023-08-22,TxcIiQ_4P4o,606,38,2
2023-08-22,Yn5cwK1t-C0,833,46,3
2023-08-22,GoQPlr0mZ5o,1765,74,7
2023-08-22,nEAZ-NoHyv0,1820,94,11
2023-08-22,r_T0u_LcVv8,2719,190,26
2023-08-22,APjMwHewapI,2888,129,21
2023-08-22,XoaDUrA1KG4,1385,56,0
2023-08-22,uLeaMCM9prY,1782,141,17
2023-08-22,DQBz5HePgAw,3528,128,7
2023-08-22,16EvHpLqAsM,945,41,1
2023-08-22,9Y-Ry8lInDs,2675,66,0
2023-08-22,luHvY5ZO4AU,943,36,3
2023-08-22,V4tSptoatoM,433,19,0
2023-08-22,e83UIdL4LMI,2434,76,1
2023-08-22,BHt3PQL2Tdk,1183,65,4
2023-08-22,VxPNboFVHXM,1559,57,0
2023-08-22,6rb_uzqd6Bs,864,50,0
2023-08-22,T9zJ52P0v1o,1913,80,2
2023-08-22,qUiNw7gaHl4,1045,35,2
2023-08-22,HseSn0so5TE,585,15,0
2023-08-22,SEcwp1WuXS4,953,41,0
2023-08-22,l5znlINqob4,2308,93,2
2023-08-22,yO7dQuKWHmE,1104,35,0
2023-08-22,ScdUyzxKi1E,4620,192,19
2023-08-22,Lvx4tIVN39U,1952,32,1
2023-08-22,QT_756LOWac,1080,40,2
2023-08-22,moPy6F88QzM,1245,49,0
2023-08-22,6-VZkXiYSV8,893,27,1
2023-08-22,Wa5lR4Bw6oI,1180,17,2
2023-08-22,aMEXx2j2F88,25248,1340,105
2023-08-22,1v59JkZWC8A,17850,899,169
2023-08-22,x3bsP-U2aME,93540,3134,196
2023-08-22,BVYLTvoq-F4,219135,7819,374
2023-08-22,h9Pqh-gHn1w,187569,2953,243
2023-08-22,p6ibqqv8yCM,211298,8907,279
2023-08-22,KAwu1muVXBI,167510,3934,319
2023-08-22,Hp-f9nOkm_E,389965,15003,703
2023-08-22,mfui4sPZHgk,334547,13732,827
2023-08-22,dnEOHuVeiWE,10319,621,85
2023-08-22,WyBHqjXcdjk,53495,2506,164
2023-08-22,Sn0DugZm7M4,165311,1821,207
2023-08-22,4UNno7f8w_c,30802,1509,220
2023-08-22,gE6WmPhRsvM,61730,2862,176
2023-08-22,vVpVcEQzNeQ,98306,6275,337
2023-08-22,ZXh27ZFsg1Q,224947,2391,341
2023-08-22,O-caoCCqUBA,24667,1844,359
2023-08-22,XFYG5RkPnuc,9636,700,172
2023-08-22,sm79Ep2kWo0,35320,2062,196
2023-08-22,xYRQo4zAcBA,89577,4189,413
2023-08-22,A_UJ5Kmu0qo,29882,1745,106
2023-08-22,IRxh3So3_1o,8656,734,133
2023-08-22,peEUz5Jc3Es,130350,6641,331
2023-08-22,tVSYlfTCuLM,339456,1111,133
2023-08-22,J_cfUHT_tEI,611226,33618,1134
2023-08-22,lszgv6-bFvk,2563,202,9
2023-08-22,r1ixgNSh_f0,3984,219,24
2023-08-22,YC23VVgpi5k,1776,95,16
2023-08-22,U9kyQgwoErk,2521,85,14
2023-08-22,5I3KdHuZUIE,4541,304,15
2023-08-22,YBRE15L7PJA,2052,97,41
2023-08-22,juktF9_b8k4,3858,170,34
2023-08-22,N8RxiFOcR9M,2880,120,22
2023-08-22,NqFEqvreZgE,5404,269,16
2023-08-22,sj4w9dLBybI,2068,148,13
2023-08-22,-J2m8jfIA6g,7829,330,61
2023-08-22,dHIzLdzgDoI,11405,636,32
2023-08-22,gWREBnbmD88,3014,181,39
2023-08-22,yXCuxq38gxw,2997,168,17
2023-08-22,bIiDPLMitg0,3368,176,35
2023-08-22,PhdfN8f6SAI,6114,314,35
2023-08-22,Wyqn6GZk0kA,1638,107,14
2023-08-22,Cy3__hARiNk,7759,391,81
2023-08-22,fO6cip30laE,4830,247,66
2023-08-22,fiRv-viDOGU,3653,225,25
2023-08-22,T5XQFsr18p8,2765,149,30
2023-08-22,dm1rL2GYJuQ,4582,249,91
2023-08-22,Ma_TZ8upKNc,6773,336,37
2023-08-22,WnSBnDZ-rwI,1766,114,21
2023-08-22,Eo2SNLrMOlY,3003,122,46
2023-08-22,sST3VXqvwYk,151,13,7
2023-08-22,1WeT3KMWsaQ,139,9,2
2023-08-22,yIb8xsNEz7g,142,13,7
2023-08-22,doo5Wqm5S9w,220,21,11
2023-08-22,skjyTH5kaXs,290,16,0
2023-08-22,uRMagE3lJuI,193,16,4
2023-08-22,KhB0LhP2W3U,1711,56,16
2023-08-22,sQU6C1oZ8W4,343,21,4
2023-08-22,XRJ4xdeDGGU,202,16,0
2023-08-22,O_nS3oSSOjQ,157,12,0
2023-08-22,CNoslwpptwk,107,9,2
2023-08-22,D2dont0_hcA,192,12,8
2023-08-22,yZhb5ydD_Ow,122,11,0
2023-08-22,gXyt5kpsMMI,122,17,2
2023-08-22,GKt_lFyHiIw,166,15,6
2023-08-22,m8exGxexTZ8,164,18,0
2023-08-22,jAwb2XwDM7U,84,5,1
2023-08-22,5LH9syboJsA,460,30,6
2023-08-22,wqQ4Tn1YGZM,734,11,0
2023-08-22,igAVL9j80hU,355,3,2
2023-08-22,1sjuOt2x9YQ,201,6,1
2023-08-22,iCUtXjzWwgI,227,19,8
2023-08-22,zZqGAmvE0T8,339,16,1
2023-08-22,eL3aPNEdui4,168,10,1
2023-08-22,waIEWAFv344,148,2,1
2023-08-22,L93HJCT-SQ4,116,5,13
2023-08-22,d9Jpatop7Jw,128,7,0
2023-08-22,JZAKL_omXQ4,79,5,0
2023-08-22,habRV-iF2cg,152,16,2
2023-08-22,9KSuNiAUbaA,430,16,1
2023-08-22,WVhzddFb1iI,344,19,3
2023-08-22,RPES8d4hbTM,384,19,2
2023-08-22,SH4FxxN4XGM,487,24,0
2023-08-22,i3I6V05C-Ls,574,26,1
2023-08-22,EJklbcuVF_Q,514,22,4
2023-08-22,WAX7KwLZ5rA,429,33,5
2023-08-22,UyZenSnan3s,537,28,1
2023-08-22,PO0ho2SYuJw,629,26,3
2023-08-22,iCge8EIFMRk,642,49,3
2023-08-22,Xph4xVbQGGY,628,28,0
2023-08-22,brkudb36ZKI,540,40,3
2023-08-22,G741u_IsevE,590,28,0
2023-08-22,zPZ76YJGSA8,589,22,2
2023-08-22,G4wn46ZrPhM,689,28,5
2023-08-22,RDlk5OUcGqU,605,38,1
2023-08-22,keIYFqL_LY8,368,11,3
2023-08-22,pQ4ZIiIsb1g,352,22,0
2023-08-22,KWV36m8YOFU,351,10,3
2023-08-22,XnKNKTfD_mQ,356,21,1
2023-08-22,s7egx8BzlQk,677,25,3
2023-08-22,gg-FMrcBRIA,48144,2801,1196
2023-08-22,xXW3ZA9RAJU,65279,3696,1559
2023-08-22,nGkgJ2K4rCE,12931,966,23
2023-08-22,yuuXT4Ta1dQ,44028,2574,182
2023-08-22,Cvtg3K10Z24,12830,922,19
2023-08-22,29SYcMP6xEY,48400,2793,241
2023-08-22,PNevdexqHA4,21565,1995,54
2023-08-22,-xV4yAlfINU,51594,3561,516
2023-08-22,aIn1Y-7I328,50268,2465,157
2023-08-22,kmzzfavf94g,9949,499,24
2023-08-22,N3LICzqkeHA,48855,2513,341
2023-08-22,Y8rh2HXO5vE,89288,4917,309
2023-08-22,e6kXoeDOut0,20459,924,42
2023-08-22,_-idahmm0yk,86802,4576,291
2023-08-22,8OJrJkWaaEU,59647,2859,223
2023-08-22,pfUjiagEJac,70888,3390,407
2023-08-22,SHMdxWEUBfc,42530,2629,166
2023-08-22,jOu7X2vqHd0,15743,662,28
2023-08-22,W4Kr-nHsNg8,1421519,36614,2156
2023-08-22,YJK5SgDYlfY,64976,3436,244
2023-08-22,Hfmo0IiaSpE,147520,7061,722
2023-08-22,t0AUdh9YHIQ,84785,5131,239
2023-08-22,YCtdEC9a3wg,16411,1818,35
2023-08-22,3joaO9OOfm4,113032,6702,305
2023-08-22,_5AFvIuNxVw,59255,3152,224
2023-08-22,VqsIyCWkxJY,767,39,1
2023-08-22,OXRJZHjKo74,0,26,0
2023-08-22,CLoOK2EOOvc,2304,197,30
2023-08-22,I6p14DqSjyQ,1788,177,23
2023-08-22,TPDpppwzeyY,12208,936,96
2023-08-22,dGUVA9jzMgo,5032,431,53
2023-08-22,Y2r1FtXf_jA,1437,88,13
2023-08-22,m7p1rkJcfx8,4965,290,82
2023-08-22,-PQ4rp4J9HE,30552,1856,319
2023-08-22,vvUfddlvKqs,10344,734,125
2023-08-22,hMHznSdfGfc,2758,201,11
2023-08-22,EjgZ50oF7R4,11313,391,115
2023-08-22,xF9iNB37Jwk,2239,204,11
2023-08-22,qpD-pTuubl4,7253,279,90
2023-08-22,lc3g0SfZWF4,34556,2240,216
2023-08-22,WGa5SticMOk,2476,244,13
2023-08-22,ULxOhrVoRjI,122333,719,126
2023-08-22,fi2VS4xnw8Y,84063,4369,454
2023-08-22,kaD-_yLfUPc,13496,757,75
2023-08-22,KcD7qRSahRA,12534,448,149
2023-08-22,YvYEY_ulUak,1674,138,10
2023-08-22,8jt8dERP3oY,7214,350,39
2023-08-22,hXGk283ENZw,4061,764,24
2023-08-22,gysS2RO1b8c,29741,1979,233
2023-08-22,58qCPA03fdI,3923,265,50
2023-08-22,0L7iNz8UbKg,1291,62,4
2023-08-22,E5qBSKjYbZM,1314,68,5
2023-08-22,7r4NLATsYFI,1842,77,13
2023-08-22,jhf186Y-O5c,1990,109,2
2023-08-22,2G7GeKPWUVY,2019,130,1
2023-08-22,flIOnk8lCyY,1787,102,8
2023-08-22,p_1MR4j7cQE,3210,142,2
2023-08-22,Qty-pHXxT7o,3063,160,40
2023-08-22,bMo5jXL_2ZA,4359,192,5
2023-08-22,PYRB-ePHLoY,2496,154,9
2023-08-22,6CHqpHQolZE,1855,151,1
2023-08-22,P2G3CjZAcEg,2330,140,26
2023-08-22,dUn_9QAOyeQ,4556,190,26
2023-08-22,jrtocuxcUis,2003,106,5
2023-08-22,2sKM-_GJe6c,1484,63,3
2023-08-22,ntYXMuv7udk,3290,74,3
2023-08-22,RYqSQpPX2Lw,2977,167,34
2023-08-22,t13hHi6Ndi4,4390,420,16
2023-08-22,emctb2ii_5M,1577,115,3
2023-08-22,oI93Xntkukc,4797,190,26
2023-08-22,B2kHx5j02wg,3472,131,14
2023-08-22,FV0i5FEMKBE,2133,126,20
2023-08-22,dMtjbJOudKU,3081,173,32
2023-08-22,xbMzrt_2UGw,1920,54,8
2023-08-22,L7d5R7CLj9M,6321,294,39
2023-08-22,_DNdyStlAms,1336,145,22
2023-08-22,pXUrPBI2ngA,15428,931,52
2023-08-22,ryyPhAgFs8A,37427,1667,113
2023-08-22,p_dbjtN8OaM,145909,8502,469
2023-08-22,WLPdTAzROKI,127253,5663,321
2023-08-22,E4gVDZEeUVA,12078,1053,39
2023-08-22,zJKNol9RaTI,7619,419,60
2023-08-22,8vuxV6ddBMY,89439,3498,94
2023-08-22,mXwqycthvvw,19411,1178,60
2023-08-22,WTVxqTkhEgU,26918,1499,109
2023-08-22,pG8D8a13NHY,39500,3159,249
2023-08-22,OlGZiMYCADw,25721,1230,36
2023-08-22,8XqmrEw5C_Q,315974,12207,312
2023-08-22,cnp7DHPyNtA,25973,1996,44
2023-08-22,_DNdyStlAms,1336,145,22
2023-08-22,pXUrPBI2ngA,15428,931,52
2023-08-22,ryyPhAgFs8A,37427,1667,113
2023-08-22,p_dbjtN8OaM,145909,8502,469
2023-08-22,WLPdTAzROKI,127253,5663,321
2023-08-22,E4gVDZEeUVA,12078,1053,39
2023-08-22,zJKNol9RaTI,7619,419,60
2023-08-22,8vuxV6ddBMY,89439,3498,94
2023-08-22,mXwqycthvvw,19411,1178,60
2023-08-22,WTVxqTkhEgU,26918,1499,109
2023-08-22,pG8D8a13NHY,39500,3159,249
2023-08-22,g5SZ2jg1fFg,2273,179,10
2023-08-22,VkQDBecL0Eg,1980,136,13
2023-08-22,ivPiiTLGoZc,5572,253,19
2023-08-22,uKovyZaYP4o,2999,178,20
2023-08-22,1poT01XvgGE,4464,281,26
2023-08-22,kUeU7loK6Ig,8258,374,16
2023-08-22,SQDeNiL0sL4,6035,197,19
2023-08-22,O7P1j59aH6M,4666,345,101
2023-08-22,35IZQL8v6w4,21099,962,61
2023-08-22,wZtc-1kbxmo,3532,206,14
2023-08-22,qYGSp1CuC2I,43799,1089,80
2023-08-22,r4MtF8hl9qE,7573,340,33
2023-08-22,ogwk-sjY_I0,14843,725,43
2023-08-22,J6FwzcV6UFc,3333,256,53
2023-08-22,zKxB5hW3vWY,2825,173,32
2023-08-22,gLP_UfJg6mc,3437,200,17
2023-08-22,BpPEVkv1JmM,2258,134,8
2023-08-22,eZxqdM6MqMA,2822,208,25
2023-08-22,TZUzbTQpS2k,1660,123,31
2023-08-22,nJWAv60ERvQ,2841,178,17
2023-08-22,nbzPfD5shwg,2587,136,14
2023-08-22,-5LNaAlBJeM,1785,64,20
2023-08-22,0EuzMGergTY,1395,59,21
2023-08-22,w4zlBumRs1o,6772,159,14
2023-08-22,HbBUktUjnTQ,2318,119,14
2023-08-22,JcuMyDfBicw,7001,545,174
2023-08-22,zbThKvntYxc,15350,849,96
2023-08-22,9FW2GzNnt4w,9987,484,41
2023-08-22,zPYJz7BqlFY,25889,1168,75
2023-08-22,IKdagXZq_94,7619,448,133
2023-08-22,5g3RRrw4vwM,4624,256,78
2023-08-22,Byia3BkMwUw,134124,5502,449
2023-08-22,Pm0Mh1S9JzQ,4955,279,19
2023-08-22,j1USVgw_CGY,2476,123,32
2023-08-22,Z7JUXrmnj0w,2300,142,33
2023-08-22,628cAw8YQh8,1039,66,17
2023-08-22,7J8YKxxLDeU,4657,273,31
2023-08-22,SEDy5t1A1S8,8807,505,54
2023-08-22,WLAoMpJdASk,7989,410,94
2023-08-22,fkvzdD9VUTY,5209,283,31
2023-08-22,bhM4jlLgo6c,29019,1448,71
2023-08-22,9vl0kGHIFgQ,2536,203,34
2023-08-22,a4IKiz9SHe0,6448,440,39
2023-08-22,pOumYBYS4tc,11399,595,130
2023-08-22,dl3owTPB9Q0,2904,191,24
2023-08-22,JcuMyDfBicw,7001,545,174
2023-08-22,zbThKvntYxc,15350,849,96
2023-08-22,9FW2GzNnt4w,9987,484,41
2023-08-22,zPYJz7BqlFY,25889,1168,75
2023-08-22,IKdagXZq_94,7619,448,133
2023-08-22,fg1jgA-PoXk,259320,12062,756
2023-08-22,3MrNUufljxU,12017,556,223
2023-08-22,DGOmrEUU7Fc,9820,797,53
2023-08-22,pVEtPoDGNw8,9409,871,62
2023-08-22,HMMv3u_2o48,18573,1212,77
2023-08-22,bgPpwdpRiAk,16676,1492,100
2023-08-22,z3fmTwXv1WQ,541741,36191,1182
2023-08-22,XrSmeo1ohVI,6857,250,40
2023-08-22,hm7YXSgFyzs,15929,1118,154
2023-08-22,V9g51P8SgG8,2051,151,26
2023-08-22,ZyypCuTZaXk,25316,2517,112
2023-08-22,PahIU_k1jDM,127765,7185,229
2023-08-22,iPELFKda8zU,24418,1985,194
2023-08-22,2l8LORsfOSg,2668,202,4
2023-08-22,__aCduYq3Aw,286054,15493,860
2023-08-22,xN2eQgFjX7E,865,65,5
2023-08-22,_9f5pHQJz8c,406,29,5
2023-08-22,CZOwxaS3REk,1438,110,20
2023-08-22,1p_TcM73vBE,325,18,5
2023-08-22,HYUJqAFQI5w,1448,83,7
2023-08-22,f3P4yOH5TFM,47136,2392,117
2023-08-22,q-4l7YAY-FQ,569,28,9
2023-08-22,YpI0wS6HIIQ,2046,148,14
2023-08-22,fg1jgA-PoXk,259320,12062,756
2023-08-22,3MrNUufljxU,12017,556,223
2023-08-22,ud4BW3IUMXw,688,80,18
2023-08-22,Pihul_pk8Yc,5057,167,24
2023-08-22,38NG_Yu3UYY,4837,237,35
2023-08-22,vOGHiv_MjeU,7232,317,33
2023-08-22,hAX_voSy_yk,4263,135,32
2023-08-22,hjNaOeZpwrY,13296,638,63
2023-08-22,PpNFkWMpodA,11780,325,52
2023-08-22,Y2juXq7-_Ag,4749,222,41
2023-08-22,cPTNzwRAVOs,1535,62,6
2023-08-22,FiODC030FHc,11565,559,13
2023-08-22,lQsND6JbhqU,21586,855,54
2023-08-22,H_sF-VnKDcc,4598,157,17
2023-08-22,BXy_Y_4x6UQ,3758,168,32
2023-08-22,wbgjyNbhTFY,7164,223,10
2023-08-22,yJ29En_0Bhg,27029,612,48
2023-08-22,3F2mC5OrVWM,24130,631,56
2023-08-22,_bGNqZvnQyQ,59619,1572,73
2023-08-22,z3p3xJQrtCA,14351,459,29
2023-08-22,zmeosna0XBE,123702,3978,259
2023-08-22,S7k-b7S36IY,23361,707,49
2023-08-22,g2QwyHOUDI4,12505,340,39
2023-08-22,7xh__5--b1I,19609,713,57
2023-08-22,gtmw8uSbeG0,23271,866,81
2023-08-22,bn4EYU-z9R8,26842,990,97
2023-08-22,wjUBrcUw5I0,43868,1652,104
2023-08-22,_hyXceYRKJ0,727,53,3
2023-08-22,9PkfaR3lIRM,609,38,3
2023-08-22,MwVs7pPDMW8,1534,101,12
2023-08-22,EOOi9BJnOeM,692,62,9
2023-08-22,wnr0BUt1Keo,1820,95,6
2023-08-22,lUV-mgJ9D2g,627,36,18
2023-08-22,KYTPdEmmwPU,612,33,7
2023-08-22,qhFriZBbDNw,350,28,8
2023-08-22,1-cTN3tVuWc,2012,120,22
2023-08-22,S5an_7wXm9I,861,53,9
2023-08-22,1xjgGk7VXts,2260,111,12
2023-08-22,ZvdXUw8JPp0,1423,92,12
2023-08-22,EC8F3Ns4UvU,1270,85,7
2023-08-22,LR1YIxltjio,1075,64,9
2023-08-22,nNVPQV_DdnU,1593,103,9
2023-08-22,bGTnc_A97lg,421,24,17
2023-08-22,SvgarYdGtCU,10849,452,44
2023-08-22,lCtuj3PpX3Y,2819,136,19
2023-08-22,bjCS--iTo-4,256,25,4
2023-08-22,tJvQjnKh76I,246,23,4
2023-08-22,YSaFZ044ELg,561,51,4
2023-08-22,M855mrcAlVk,2815,182,25
2023-08-22,67nm7CSj6mY,99,4,0
2023-08-22,mGA61kTYERw,301,24,1
2023-08-22,BACPGVTyyJM,69,4,0
2023-08-22,TmsY67oHqZM,25166,1430,156
2023-08-22,wUUm3S6PiDc,3030,123,31
2023-08-22,RLXZMStCoNk,7878,457,43
2023-08-22,9r36BoOUhKE,13535,348,140
2023-08-22,Cy4U7tWAqZo,56881,1843,212
2023-08-22,B5GgTT5Mjnw,7618,373,52
2023-08-22,B2S7e1WZj-U,86976,3023,126
2023-08-22,inSwsLnKzWU,93484,3459,283
2023-08-22,ypP-ni09dd4,52071,1802,159
2023-08-22,hOdfviCs8YE,53565,2597,172
2023-08-22,cYXnKZhot90,24769,1159,52
2023-08-22,dyxY6GRTiIs,196644,7668,229
2023-08-22,8oMs0s7tC9o,230365,8935,371
2023-08-22,ikmstf4yO90,62355,1719,321
2023-08-22,wVQmi1aUrYE,907693,33396,1287
2023-08-22,67fz57VBFvo,49287,2306,120
2023-08-22,5zMpCJW-YSw,48149,1436,206
2023-08-22,oQypkFIbF_A,120612,4561,250
2023-08-22,-t8zcTfiG7c,161073,6419,341
2023-08-22,Ev8yI5CxN54,26890,938,106
2023-08-22,sb2b93Sdn3g,22387,938,38
2023-08-22,coUKTLUX2Gw,439824,15753,524
2023-08-22,E0qSPO2kdmg,134813,5553,246
2023-08-22,DN-X2DOI_98,69631,2385,168
2023-08-22,pjzWx7CxWog,1238305,55504,2012
2023-08-22,3dICdJ10GHw,2539,146,12
2023-08-22,DHSstxCgvPI,2095,137,1
2023-08-22,JK6DYqINt1Y,3861,231,26
2023-08-22,XU268DJCQvU,8213,396,26
2023-08-22,RzWCnE31LC8,4414,293,10
2023-08-22,Ff-PNXHTrJc,2951,154,9
2023-08-22,rSMcWrWy-gk,10165,748,3
2023-08-22,AMpkWxDxFsM,4560,228,11
2023-08-22,-hjkOP30s_E,8827,431,30
2023-08-22,PIL_Uu4oV8c,4805,457,4
2023-08-22,95G1cKSyExI,12975,1003,3
2023-08-22,SWnBb-vOpnc,2498,148,1
2023-08-22,_8RYy8Jfmcw,3841,211,7
2023-08-22,drLF9wCn9_o,2990,99,12
2023-08-22,K52hXNj_YBk,5491,244,16
2023-08-22,h4rkoGTEnIw,4199,244,27
2023-08-22,2KFwl2VUyss,4427,227,23
2023-08-22,XVlqePyZIp0,3967,245,5
2023-08-22,Ji-bvgPRK2s,3852,168,12
2023-08-22,tnwBHJwRLCU,13598,964,13
2023-08-22,kryzZsbTSvk,2781,103,8
2023-08-22,r2ZBRyj2k5M,14136,812,43
2023-08-22,NPimyulltfA,30634,2226,28
2023-08-22,4DgtqKFOl2M,10723,526,24
2023-08-22,qqMGCjA2NR8,13217,609,94
2023-08-22,Ph2a6CXbO5M,4985,240,58
2023-08-22,jqNxbUPbkAA,9540,1223,8
2023-08-22,oFBm1XjQyQE,12311,509,52
2023-08-22,A0_lcaJyKhM,14749,636,50
2023-08-22,jp-XS6v7MDo,4274,254,15
2023-08-22,8TWHtTC_jsk,3359,471,6
2023-08-22,2_8rJp6JF1Q,11540,573,29
2023-08-22,h045SiTETI4,8485,346,20
2023-08-22,AmhqvOrBC4U,59019,2643,159
2023-08-22,tJz9jmlUtTQ,10548,334,22
2023-08-22,_NwtHvu1Qko,9502,395,42
2023-08-22,poeE1GSZtfw,11624,603,9
2023-08-22,9K_zT5dohJA,14222,510,30
2023-08-22,-X4EtLFiBlQ,13617,359,23
2023-08-22,4OHSZ36CxDA,12870,488,44
2023-08-22,srL11C-bQuA,10125,446,46
2023-08-22,gEQFbUomxFU,2497,102,12
2023-08-22,jt1G6VM_sIw,12478,390,30
2023-08-22,KXmKwTLYhBw,23679,1749,25
2023-08-22,itBh9CabpGQ,11733,536,30
2023-08-22,UIhjPxql1Hg,34923,1848,77
2023-08-22,F-Ku9bMrNNk,7761,343,42
2023-08-22,Yl_-fq37Jso,12794,421,41
2023-08-22,mz0Da8JIZOI,20884,1045,63
2023-08-22,nNqsRbJSsmQ,6642,412,86
2023-08-22,Dzi2VYpFXpo,7914,384,59
2023-08-22,GgIXod209vk,5703,463,8
2023-08-22,wlOrhg3CECM,28574,1809,280
2023-08-22,BM8uN0mOHqI,11373,581,214
2023-08-22,nDFs2wJp0RY,18121,878,228
2023-08-22,-L6M-8aSDiM,16115,752,81
2023-08-22,hIuOzhUPxW8,18493,1138,136
2023-08-22,I1lQLKlBmEA,14509,598,48
2023-08-22,9y2vGri4XDE,16016,861,138
2023-08-22,wIKW7JtR9pc,6566,578,8
2023-08-22,NWC4ESCJTq8,6153,364,43
2023-08-22,s8xhAB6Vaz4,6871,731,15
2023-08-22,n92wj667eAk,16834,705,70
2023-08-22,eC4cIsWCAf0,5247,491,17
2023-08-22,n5szw4m3jag,14341,879,99
2023-08-22,D5UUdAeEdIM,6315,588,16
2023-08-22,DLD8bdOUwuM,4524,340,9
2023-08-22,W8TJ8QCAsNE,13637,736,88
2023-08-22,hJORk3TNRQY,4856,374,5
2023-08-22,qWnBJjNIq4Q,27087,1128,128
2023-08-22,j3uBA1Bopvc,5862,508,12
2023-08-22,HZncd9EBD6c,6689,668,11
2023-08-22,b4s2X9QlK8w,6743,575,11
2023-08-22,MluUamuTqjo,5196,342,10
2023-08-22,QkvB4jzZU1c,3552,131,68
2023-08-22,MzZwmOP7cqQ,372,26,1
2023-08-22,5DLfqHL05fg,2037,163,56
2023-08-22,DTAIx4mhA4Y,539,28,1
2023-08-22,jrNr_PtNOsQ,777,60,4
2023-08-22,YwkFFQk8AoM,870,49,1
2023-08-22,3UtZP5KQq4I,757,15,0
2023-08-22,532GzHMMkCE,1951,43,0
2023-08-22,2-PpA37ZEnQ,1839,151,68
2023-08-22,T9ErW6maejU,2526,81,2
2023-08-22,CGrkQMcsoBY,526,27,2
2023-08-22,aWoBF50ncRk,766,30,3
2023-08-22,34O_NbgTzck,595,36,3
2023-08-22,lU5VArTf9Gw,920,19,3
2023-08-22,Lf8BrZ_cYcw,3145,175,49
2023-08-22,vz6q08f79eY,1335,45,0
2023-08-22,XXR9TC_Mgqs,283,6,2
2023-08-22,Q1DForoIVVI,1053,32,2
2023-08-22,RZVGg3fvR4A,1419,45,1
2023-08-22,J4u0A0N4UZ0,9614,289,93
2023-08-22,GQLsk7gj6PM,4056,175,3
2023-08-22,1DJBCWj68cM,1767,54,2
2023-08-22,PEqgxtPbWyE,1092,38,0
2023-08-22,meLZZXWxZlU,15041,543,62
2023-08-22,ZJPEPGTUWhY,1131,70,2
2023-08-22,5v7d_-5D5vs,124,11,1
2023-08-22,e7AwaQkRmJI,1062,47,7
2023-08-22,gT3911Rq6NI,510,32,6
2023-08-22,mfG9IUTcykM,826,55,3
2023-08-22,SRAO2MFhUKQ,986,60,6
2023-08-22,Hv2nf7fdGZs,983,52,5
2023-08-22,Mjy6AMSW6Xs,1379,69,2
2023-08-22,08cGceJNiWs,4625,243,12
2023-08-22,1Jxcbush8pY,57218,1875,69
2023-08-22,dFWRLcMctgM,694,35,5
2023-08-22,AD95pV0a6CM,596,27,4
2023-08-22,pRwashIYNBs,292,12,2
2023-08-22,a-CK5mEXb8s,2495,34,2
2023-08-22,OsGgAiFV2FI,1798,75,10
2023-08-22,_Jlcvn9_uew,7656,316,13
2023-08-22,rFuyF-1TLrQ,870,35,5
2023-08-22,5Iqv28HRfwI,1825,79,7
2023-08-22,1gR_xW_k6XY,405,25,11
2023-08-22,eTzLdTUgaew,4049,147,7
2023-08-22,uBYJzv5LELI,4493,255,9
2023-08-22,ppIhF2RTNts,940,34,1
2023-08-22,tyuqEBdqR6E,2353,113,2
2023-08-22,ENp-KBx3At8,1215,33,2
2023-08-22,121dj5Uupbc,1728,74,1
2023-08-22,kPVqlMRFEAE,36954,1569,52
2023-08-22,Ys7JocEAQLE,21086,1356,78
2023-08-22,uO9nYqgUS-o,419588,22485,1114
2023-08-22,lQ5o-fZdUsQ,65949,2907,113
2023-08-22,BYYG9n5tspU,34213,1383,82
2023-08-22,nUXx9Au9mfs,25248,1751,117
2023-08-22,ga_-qzj8wJI,355445,18753,611
2023-08-22,YNNBwtZQQQQ,313730,12353,725
2023-08-22,zE1-ChYTXfs,10242,969,230
2023-08-22,_Aq90dHQtWI,14791,1350,103
2023-08-22,KQw9eFv1jVw,7645,777,145
2023-08-22,WYJ3N1-v2pU,20115,1148,36
2023-08-22,poD2Z0bZ0UY,107240,2327,152
2023-08-22,PvmN5fxlGQA,37842,1878,183
2023-08-22,Rr9Zqjfzfts,48202,2632,365
2023-08-22,vKd_EcVKbVY,221393,10656,640
2023-08-22,7svu6dvG53Y,81494,2778,155
2023-08-22,LJlNunphpeQ,149841,8127,573
2023-08-22,uC9MQ8lRLyM,40950,1893,141
2023-08-22,ZMB5gNfqarU,93720,4955,351
2023-08-22,PkipGWPvujc,17837,1063,166
2023-08-22,-ZPqt1Ovttc,1275629,58675,953
2023-08-22,kS5iiifPhAE,15054,1061,195
2023-08-22,WVq9pANS9qM,12192,1241,190
2023-08-22,DDRPmbCMayg,36611,2835,142
2023-08-22,L42VSXmLqOE,16139,1153,119
2023-08-22,a5MQMigclSw,3610,117,2
2023-08-22,QM0F8VFyAT0,4404,78,45
2023-08-22,k8ugKw9vK64,1623,44,2
2023-08-22,k8tqVmUMRqM,2587,124,2
2023-08-22,v_IyPlHwH_s,1233,32,6
2023-08-22,4gv9flGe5mw,2253,71,8
2023-08-22,m3-6lMc3uKA,41455,2466,3
2023-08-22,RZx6EG1XJ3Y,4855,202,1
2023-08-22,ZViYr_Ypp70,1405,11,4
2023-08-22,VipTys9pt8U,1699,33,14
2023-08-22,TRl1QJ-8nxQ,12156,173,29
2023-08-22,f1UJ93cfzE4,10059,324,14
2023-08-22,5RQ7DA7W-xU,2588,62,13
2023-08-22,ReNXSxkD2JM,7654,226,11
2023-08-22,fLQUs15Iy1U,1044,15,8
2023-08-22,kP1sr3aJTWk,768,11,4
2023-08-22,9C_91O4YNQc,1595,22,6
2023-08-22,f2mTIgOMDSU,653,17,3
2023-08-22,MKXcPb_zRMk,8643,215,13
2023-08-22,D6q51YhcCuo,495,15,4
2023-08-22,Q4IRFywYZzE,555,7,0
2023-08-22,QeD2PI-e2Aw,1850,53,2
2023-08-22,FZ-EcSWJlW4,278,1,0
2023-08-22,NElw7B1yyfY,332,7,0
2023-08-22,MrKoUoNHGbM,249,2,0
2023-08-22,S95Jh3_SNW4,4,0,0
2023-08-22,Fs6bXhYnrfQ,23,4,0
2023-08-22,3jy-POYz7Bg,44,4,3
2023-08-22,6UJMqthXvg8,61,1,0
2023-08-22,hdfEal_XELE,53,4,0
2023-08-22,LjC_7pzAlHE,54,4,1
2023-08-22,FKcUOWSedfI,44,3,0
2023-08-22,2L3OSm_dZT4,88,3,0
2023-08-22,yp1GHMSb-rc,94,4,0
2023-08-22,6uVRl4m4ReU,68,3,0
2023-08-22,w6UWjJMIEJg,64,3,0
2023-08-22,PzmiVJeWKDs,24,1,0
2023-08-22,UsC7Wiwf3sw,34,1,1
2023-08-22,riJ5AMKq55w,39,3,0
2023-08-22,7t-UmrVCAt4,123,6,0
2023-08-22,djTP3hsICcg,221,8,2
2023-08-22,FHh_BOi08ZI,95,2,0
2023-08-22,NkijusJfuAQ,181,11,0
2023-08-22,jtc5ghj3CWQ,61,4,0
2023-08-22,-XaiOv_J2D8,216,5,1
2023-08-22,RxTB0MhIR4o,299,8,0
2023-08-22,eaehOUlGphw,102,3,0
2023-08-22,SPu3cWhMsFk,154,4,0
2023-08-22,MWVFlsz2H54,109,4,0
2023-08-22,Z5k3vK5pR4s,227,5,0
2023-08-22,6E4E--LXwK8,677,32,3
2023-08-22,ZqG8BeUkRlo,563,32,5
2023-08-22,pn4aA6XVr54,1870,86,10
2023-08-22,XWwvksgGepE,2157,92,17
2023-08-22,ll8Cyde6E4s,1509,77,27
2023-08-22,MqHJDlhsgPY,24537,933,27
2023-08-22,TWhp7OR_Vw0,710,36,7
2023-08-22,auDX4SkZu1s,2247,107,21
2023-08-22,_bP_1eAYqEs,6832,218,28
2023-08-22,zaVbJYig45s,7269,328,66
2023-08-22,nzFhSw_SNCE,1175,66,0
2023-08-22,107kitUp8YY,10958,404,32
2023-08-22,cTyHsuYhLNA,7913,373,29
2023-08-22,tT_Pjjaccfw,20757,877,84
2023-08-22,1Ric4s4po7Q,2280,65,8
2023-08-22,OU-fRfoffP0,976,37,1
2023-08-22,NB1-BfNapYQ,1575,28,6
2023-08-22,E1LUNkF5IME,3354,45,0
2023-08-22,66hjJ52kmIY,281,6,5
2023-08-22,103YD9CkwYg,406,14,2
2023-08-22,z23-ftaGTZM,22860,445,45
2023-08-22,otjSXzwy4AQ,2161,82,13
2023-08-22,uyZXxLO7rSI,32509,1329,383
2023-08-22,055FdtslXEw,66045,2644,113
2023-08-22,bsXxGY1I4S8,4508,205,19
2023-08-22,H9cW9PbkJNI,1357,93,17
2023-08-22,baZBkPNp0Pk,1849,138,25
2023-08-22,8qsub_woD0U,2076,84,15
2023-08-22,r2mLalptPXc,2199,111,13
2023-08-22,nlmiq6xMdCM,315,17,1
2023-08-22,nRThCAB-0m0,9203,476,26
2023-08-22,rOWRdrABiJM,11556,698,100
2023-08-22,aB_WWSHf-K0,10922,497,57
2023-08-22,19eQiNofGI8,7624,425,49
2023-08-22,GXPQ-fg507o,252140,7941,692
2023-08-22,0a_lofc6Zpw,5191,260,39
2023-08-22,CJewVMsPTnc,4112,290,41
2023-08-22,Pgdr-Z4ldzQ,62561,3476,163
2023-08-22,C1d9ibicS8w,10011,551,103
2023-08-22,bmxUscz8D-E,1700,83,8
2023-08-22,genbRjB6tBY,6122,299,20
2023-08-22,w5SvLH46OJI,9895,759,65
2023-08-22,xoI78qpAw5k,4362,277,31
2023-08-22,jttYBOK9Rhk,7838,392,25
2023-08-22,jOdexFLViRU,1697,120,15
2023-08-22,Ce_ETgA9g00,736,57,5
2023-08-22,LjDgE075pNI,1450,81,12
2023-08-22,ej8BmHifZu4,2652,168,34
2023-08-22,FcSC531K-jM,3162,195,26
2023-08-22,fKxL03iiLEM,1131,59,2
2023-08-22,uIajYDaaZkk,29643,2087,482
2023-08-22,1qQsotZn7C0,20851,1502,284
2023-08-22,Hu3FcJ0QMgI,50670,2682,300
2023-08-22,ZNrufZoT-Gc,35542,2369,297
2023-08-22,Xe7qYDo976s,24305,1717,183
2023-08-22,_njsbeKp7KE,28269,2288,421
2023-08-22,ysSJWbFx1oE,18617,949,131
2023-08-22,z2oaH7YI_xE,40395,2880,369
2023-08-22,s56Vijj05tQ,49390,2541,300
2023-08-22,CzYH5T5qNdA,202944,12970,920
2023-08-22,sQs8obKO75o,61766,3816,302
2023-08-22,013ln4cBwKw,77789,5747,700
2023-08-22,bYs4QAI8Cys,55889,2833,333
2023-08-22,LmsvbnFgPyg,98195,7609,882
2023-08-22,v3jPFdgcyic,80027,3377,301
2023-08-22,kyz5YbUUnHg,29113,1953,265
2023-08-22,N8lz2aD_QWw,100444,5555,425
2023-08-22,G4skEz_UznM,155410,11985,981
2023-08-22,5cZzKuxiAKA,55909,2615,202
2023-08-22,JqaPLXhprDE,38928,2759,273
2023-08-22,tn-0X8Vo5fo,256106,12871,790
2023-08-22,9HLhw9F2NLE,114668,7852,677
2023-08-22,pCnHvefDNXA,45932,2140,291
2023-08-22,eOcKfbzZuTw,136982,10478,1046
2023-08-22,VVZy3i9mXLE,169821,12795,1238
2023-08-22,PLWIzXNzcx8,58,7,3
2023-08-22,qbLylg6m-aM,110,16,4
2023-08-22,fIp1mvXLzDY,269,35,18
2023-08-22,1oY5ag7EOUw,139,14,4
2023-08-22,7vMW7COhBFk,488,32,20
2023-08-22,KsInoRs0Gxk,218,15,0
2023-08-22,zssyYuYXu9s,208,14,0
2023-08-22,SIxyAst0YaA,365,33,6
2023-08-22,TFNtQE4Nfng,1582,118,52
2023-08-22,VUl5TnL5dRo,118,22,0
2023-08-22,CGHhGrOdSEY,185,24,3
2023-08-22,4dYhagp4Qyk,90,10,4
2023-08-22,LsVVLUP1_nM,157,24,2
2023-08-22,qqYv8a8HqSE,1052,83,37
2023-08-22,4X6Mz06-4w4,225,26,6
2023-08-22,qkkd5Ipsl9A,1013,74,12
2023-08-22,cmH-FFaPpBQ,174,20,5
2023-08-22,f_fsTy25SFA,545,32,3
2023-08-22,ruWuU7W29NI,233,20,2
2023-08-22,d-_jneDwOwU,365,34,12
2023-08-22,6aF3RGY_Ua0,2147,126,70
2023-08-22,K7owCjBaL84,1983,116,28
2023-08-22,N2H3DR8PXhk,1052,77,33
2023-08-22,rD8Rf9pmp_A,1035,58,31
2023-08-22,GpbQjVHDhCE,601,37,38
2023-08-22,tSdhPsywrPk,697,29,5
2023-08-22,kepYvUvIGFs,1563,75,11
2023-08-22,l5Xi3CT2Ov8,3991,331,13
2023-08-22,xLlmLvJ8qLU,3586,268,9
2023-08-22,R2ImUyIwfVA,1324,53,10
2023-08-22,Lht8lmFb1eA,2220,178,10
2023-08-22,ZyXK-6YXjns,3081,216,5
2023-08-22,jpqVnA3eJ3E,2721,157,21
2023-08-22,IwCd8XAj0F8,2102,161,5
2023-08-22,hx9uky3LPvs,2345,88,14
2023-08-22,_I7UHCOPl_c,1479,81,4
2023-08-22,mlSzikNxCPw,2084,153,4
2023-08-22,JSjG1TBO4vc,1040,40,3
2023-08-22,sWZVY-tbonE,3900,168,4
2023-08-22,n7GaXGPmXEY,5103,171,1
2023-08-22,AzDmjTWhSzY,6480,258,3
2023-08-22,ed9_ohobYEo,14961,367,32
2023-08-22,AxA0UULUXEA,1111,78,2
2023-08-22,xA9qo4jzkXY,2553,98,8
2023-08-22,rAtJIbOTFLk,4384,135,42
2023-08-22,JP-6Q_PTG38,3134,103,20
2023-08-22,IfW0fw3uEyQ,3069,96,8
2023-08-22,Xm0B13SBNPY,9902,744,11
2023-08-22,0noCqBnDaSM,2538,80,19
2023-08-22,jSVGYx6mQsw,31414,1958,23
2023-08-22,Rh8Okn0_SOQ,187,6,0
2023-08-22,M9US3mcndnI,567,21,4
2023-08-22,khWfrRQtPB8,278,20,1
2023-08-22,t4aZ45hbFoc,367,25,3
2023-08-22,9oT_dUV76PU,2039,54,5
2023-08-22,k6OylYPVqBo,6691,266,25
2023-08-22,3-thpFa1bBE,575,24,2
2023-08-22,-mmTEZJStKM,971,57,5
2023-08-22,UFTYqPeW1Bw,1218,61,1
2023-08-22,tlZGyoYpy30,1061,33,0
2023-08-22,DZqOWVcyBrU,1364,48,5
2023-08-22,RKM0xL4ZJGg,788,45,2
2023-08-22,XdhXZZT4jng,1285,75,0
2023-08-22,Xjn8QCNMnQU,783,53,0
2023-08-22,e-peoCmErxU,5019,387,31
2023-08-22,3K8ipilhw4Q,1439,74,2
2023-08-22,t4KV2gDbdtQ,876,40,1
2023-08-22,cgfn0Qt5RBc,1123,19,5
2023-08-22,ItOVauqZ6VQ,936,49,6
2023-08-22,KBNhmk9onI4,728,30,4
2023-08-22,_jPehKburZw,2387,133,24
2023-08-22,yyuT_mbZNXM,1018,52,2
2023-08-22,JRoHOc4twaQ,3234,138,8
2023-08-22,OoqRhaplIAA,1438,63,4
2023-08-22,vHUrz3QFv-o,6334,334,38
2023-08-22,QW3n6MpVyU4,178,8,0
2023-08-22,Pkst00MiiP4,561,27,9
2023-08-22,ZFSYLFtm42I,184,8,0
2023-08-22,W0drRRYQiA0,436,24,8
2023-08-22,S4MrfdPBLrE,172,3,0
2023-08-22,2RytgGZKBeY,203,6,1
2023-08-22,-s5wt7j8SVM,636,33,5
2023-08-22,gHeKbUVkcFE,102,7,1
2023-08-22,uztmoSNt7W0,227,6,0
2023-08-22,IeBNQZ8nCAY,230,9,0
2023-08-22,smPom5iRH44,297,11,1
2023-08-22,kTb6lrUkiu0,442,28,18
2023-08-22,JZpuRyWwjnU,185,7,4
2023-08-22,lEaEAUpFLCU,721,8,0
2023-08-22,pt6xAqeuy3I,199,4,0
2023-08-22,Vz76AYTERdI,149,4,0
2023-08-22,kStrjucvEnA,316,18,13
2023-08-22,KPtICkqVnKc,131,4,0
2023-08-22,fY7TTy4gi3g,1071,22,3
2023-08-22,o81sIrj1EaI,198,11,0
2023-08-22,yCXj5rZW5-4,818,10,1
2023-08-22,KmjLB8ylggY,372,24,15
2023-08-22,3zCYzo-iEYw,135,18,2
2023-08-22,Ua7yT6iFHVo,124,10,2
2023-08-22,4gcS7TFYhLA,2355,66,1
2023-08-22,S-3nYjrYiwI,1170,72,12
2023-08-22,UwEf7JE9frs,2498,163,6
2023-08-22,XXuU238D6Y8,2233,101,11
2023-08-22,6bkMgrwp1Ss,3847,116,13
2023-08-22,TwLPwaWnwYs,3706,157,24
2023-08-22,HfDuLKOoa_E,3020,134,13
2023-08-22,Rbuz4UNSKTE,2113,98,11
2023-08-22,z3Vu6r1BimU,3967,200,20
2023-08-22,s7FMOnS02KM,2543,130,16
2023-08-22,M3DoMvbMgcY,2811,113,16
2023-08-22,n2sWKy_gn_8,2991,120,12
2023-08-22,l5Fn6rq79Zs,2928,301,8
2023-08-22,lTI1PlYrv_8,4248,204,9
2023-08-22,RjgJMZdXMdQ,1966,163,13
2023-08-22,-wI3VypEO60,1685,141,24
2023-08-22,POUQlSqKggY,3400,188,23
2023-08-22,BZ6HB9JKhkg,1465,137,3
2023-08-22,usK7ck_GIDo,2610,116,13
2023-08-22,lTO8DIE2v_E,4028,159,27
2023-08-22,2a_aj0zcIoM,2596,194,85
2023-08-22,kIquoYUOVes,2758,229,4
2023-08-22,50rkNcNZBsE,1665,72,4
2023-08-22,OebdTTx-S5A,2743,118,3
2023-08-22,mf7HXtYFNSY,1374,94,4
2023-08-22,kuxLyO2-lqc,5653,182,20
2023-08-22,w08wKCoiYws,516,65,21
2023-08-22,hIc1ZnMQWXg,474,60,21
2023-08-22,bcB44ZmcRpk,676,72,44
2023-08-22,etYpHZYxC60,609,55,15
2023-08-22,jlHBOdRA_SY,629,70,13
2023-08-22,Mp-KjCUahgg,569,42,18
2023-08-22,HPnCMAIqMuo,5264,221,115
2023-08-22,z3NjZ5TsJ7M,535,22,1
2023-08-22,kfxszWyIN6I,2419,118,17
2023-08-22,oSZQk1Lm2T0,359,21,0
2023-08-22,3OaHogzhnQ0,256,33,2
2023-08-22,oL9gJ5ZpdEo,1666,135,31
2023-08-22,1KLVgzwToMg,303,31,4
2023-08-22,OrKTeywWI7E,439,35,30
2023-08-22,cynvCnFiRG0,482,54,48
2023-08-22,VhAS8CflTZw,1750,69,36
2023-08-22,NHBGtbumZoA,1214,107,28
2023-08-22,nWLpdnt2mZ8,612,60,13
2023-08-22,lva77w2l9e8,586,47,30
2023-08-22,u1vDyc3c8a4,905,75,22
2023-08-22,xthTGNxMoHg,781,65,25
2023-08-22,MR180PnovYA,386,44,21
2023-08-22,rjvjLo0cs6A,649,42,30
2023-08-22,WEC8oLDCXM0,1047,71,37
2023-08-22,nw1D-_uPSuI,562,49,17
